epoch,accuracy,loss,val_accuracy,val_loss
0,0.6769252419471741,0.588477611541748,0.8939759135246277,0.32339513301849365
1,0.9163239002227783,0.23654571175575256,0.9349397420883179,0.20426969230175018
2,0.9371720552444458,0.15700241923332214,0.9469879269599915,0.14423169195652008
3,0.9480924606323242,0.1380264163017273,0.9590361714363098,0.12315552681684494
4,0.9573110342025757,0.11162426322698593,0.9614458084106445,0.11446914076805115
