epoch,accuracy,loss,val_accuracy,val_loss
0,0.5013473033905029,1.8195452690124512,0.515662670135498,0.6930875778198242
