epoch,accuracy,loss,val_accuracy,val_loss
0,0.5130494236946106,1.3581832647323608,0.48433735966682434,0.6963822245597839
